moab_simple, 5124, 4114
GPL_simple, 156, 86
Krieter2020i_simple, 80, 43
Oh2019_simple, 107, 61
sparc_erc32_simple, 4755, 3824
ts1000_simple, 4945, 3966
JHipster_simple, 94, 44
pc_rltk8139_simple, 5012, 4015
tx39_sim_simple, 4761, 3828
am31_sim_simple, 4752, 3823
atlas_mips64_5kc_simple, 4850, 3900
Ghamizi2019_simple, 1761, 110
atlas_mips32_4kc_simple, 4857, 3905
adder_simple, 4923, 3975
dreamcast_simple, 4969, 4004
linux_simple, 5103, 4104
stdeval1_simple, 4883, 3935
ceb_v850_simple, 4800, 3868
ocelot_simple, 4897, 3917
aki3068net_simple, 4919, 3956
Truck_simple, 33, 10
sleb_simple, 4775, 3841
h8300h_sim_simple, 4762, 3838
uClinux-distribution_simple, 2601, 1044
ec555_simple, 4968, 3982
cma28x_simple, 4808, 3876
refidt334_simple, 4943, 3935
mb93091_simple, 4926, 3940
berkeleydb_simple, 76, 46
fads_simple, 4783, 3846
ref4955_simple, 4914, 3960
psim_simple, 4773, 3837
h8s_sim_simple, 4763, 3839
Heradio2020_simple, 131, 1647
asb_simple, 4838, 3881
edosk2674_simple, 4809, 3871
uClibc_simple, 1116, 884
pc_usb_d12_simple, 5029, 4053
vrc4375_simple, 4893, 3911
Krieter2020c_simple, 76, 46
h8max_simple, 4914, 3952
Pizzas_complex_simple, 16, 5
pc_i82544_simple, 4987, 4005
pc_vmWare_simple, 4983, 4004
stb_simple, 4958, 3977
cq7750_simple, 4964, 3990
frv400_simple, 4878, 3900
Krieter2020f_simple, 333, 24
calm16_ceb_simple, 4767, 3841
adderII_simple, 4927, 3976
cme555_simple, 4967, 3981
vrc4373_simple, 4855, 3889
GPL_simple2, 156, 86
stm3210e_eval_simple, 5002, 4027
busybox_simple, 1108, 930
se7751_simple, 5116, 4102
pc_i82559_simple, 4987, 4005
TankWar_simple, 37, 0
axTLS_simple, 316, 169
skmb91302_simple, 4819, 3863
WeaFQAs_simple, 179, 7
Horcas2022b_simple, 162, 61
jmr3904_simple, 4790, 3860
asb2305_simple, 4840, 3889
csb281_simple, 4903, 3928
calm32_ceb_simple, 4767, 3841
mbx_simple, 4939, 3966
MobileMedia_simple, 43, 3
Krieter2020o_simple, 628, 76
sh4_202_md_simple, 5015, 4043
sparclite_sim_simple, 4755, 3824
mb93093_simple, 4870, 3895
Pizzas_simple, 12, 1
rattler_simple, 4984, 3985
sparc_leon_simple, 4755, 3824
viper_simple, 4954, 3975
automotive2_4_simple, 19857, 2394
Krieter2020d_simple, 333, 24
busybox_2010-05-02_14-17-07_simple, 1108, 930
